{
  "document_type": "Fattura",
  "language": "it",
  "notes": "Grazie per il tuo acquisto!",
  "fields": [
    {
      "key": "company_name",
      "value": "ACME S.p.A.",
      "confidence": 0.9968,
      "spans": [
        {
          "page": 1,
          "x": 0.4068902,
          "y": 0.05347328,
          "width": 0.18496108,
          "height": 0.022447474
        }
      ]
    },
    {
      "key": "document_type",
      "value": "Fattura",
      "confidence": 0.9968,
      "spans": [
        {
          "page": 1,
          "x": 0.06984596,
          "y": 0.11499409,
          "width": 0.07928459,
          "height": 0.015812539
        }
      ]
    },
    {
      "key": "invoice_number",
      "value": "INV-2025-001",
      "confidence": 0.95,
      "spans": [
        {
          "page": 1,
          "x": 0.19836881756782532,
          "y": 0.15586528182029724,
          "width": 0.10342574119567871,
          "height": 0.012730509974062443
        }
      ]
    },
    {
      "key": "invoice_date",
      "value": "2025-08-09",
      "confidence": 0.95,
      "spans": [
        {
          "page": 1,
          "x": 0.11510304361581802,
          "y": 0.17047925293445587,
          "width": 0.08711383491754532,
          "height": 0.01196855865418911
        }
      ]
    }
  ]
}